{"name":"SearchIntent","identifier":"63TWM3XDJ5","description":null,"parentIntentSignature":null,"sampleUtterances":[{"utterance":"{tag1} , {tag2}"},{"utterance":"show me pictures with {tag1} and {tag2} in it"},{"utterance":"{tag1} and {tag2} "},{"utterance":"{tag1} and {tag2} photos"},{"utterance":"{tag1}"},{"utterance":"{tag1} photos"},{"utterance":"{tag1} pictures"},{"utterance":"{tag1} and {tag2} photo"},{"utterance":"{tag1} and {tag2} pics"},{"utterance":"{tag1} and {tag2} pictures"},{"utterance":"{tag1} picture"},{"utterance":"{tag1} photo"},{"utterance":"show me {tag1} and {tag2}"},{"utterance":"show me {tag1}"}],"intentConfirmationSetting":null,"intentClosingSetting":null,"initialResponseSetting":{"initialResponse":null,"codeHook":null,"conditional":null,"nextStep":{"intent":{"name":null,"slots":null},"dialogAction":{"type":"ElicitSlot","slotToElicit":"tag1","suppressNextMessage":null},"sessionAttributes":null}},"inputContexts":null,"outputContexts":null,"kendraConfiguration":null,"dialogCodeHook":null,"fulfillmentCodeHook":null,"slotPriorities":[{"priority":2,"slotName":"tag2"},{"priority":1,"slotName":"tag1"}]}